player_name,image_path,image_url,license,license_url,credit,artist,source_page
Aerial Powers,player_photos_resized/Aerial_Powers.png,https://upload.wikimedia.org/wikipedia/commons/0/05/Aerial_Powers_Fenerbah%C3%A7e_Women%27s_Basketball_vs_Mersin_B%C3%BCy%C3%BCk%C5%9Fehir_Belediyesi_%28women%27s_basketball%29_TWBL_20180121.jpg,CC BY-SA 4.0,https://creativecommons.org/licenses/by-sa/4.0,"<span class=""int-own-work"" lang=""en"">Own work</span>","<a href=""//commons.wikimedia.org/w/index.php?title=User:Sakhalinio&amp;action=edit&amp;redlink=1"" class=""new"" title=""User:Sakhalinio (page does not exist)"">Sakhalinio</a>",Aerial Powers Fenerbahçe Women's Basketball vs Mersin Büyükşehir Belediyesi (women's basketball) TWBL 20180121
Alaina Coates,player_photos_resized/Alaina_Coates.png,https://upload.wikimedia.org/wikipedia/commons/3/35/Coates-20180914.jpg,CC BY 4.0,https://creativecommons.org/licenses/by/4.0,"<span class=""int-own-work"" lang=""en"">Own work</span>","<a href=""//commons.wikimedia.org/wiki/User:SusanLesch"" title=""User:SusanLesch"">SusanLesch</a>","<a href=""https://en.wikipedia.org/wiki/Alaina_Coates"" class=""extiw"" title=""w:Alaina Coates"">Alaina Coates</a> of the <a href=""https://en.wikipedia.org/wiki/Chicago_Sky"" class=""extiw"" title=""w:Chicago Sky"">Chicago Sky</a>"
Alana Beard,player_photos_resized/Alana_Beard.png,https://upload.wikimedia.org/wikipedia/commons/5/51/Alana_Beard_2011.jpg,CC BY-SA 2.0,https://creativecommons.org/licenses/by-sa/2.0,"<a rel=""nofollow"" class=""external text"" href=""https://www.flickr.com/photos/keithallison/5822954775/"">Alana Beard</a>","<a rel=""nofollow"" class=""external text"" href=""https://www.flickr.com/photos/keithallison/"">Keith Allison</a>","Chicago Sky at Washington Mystics June 11, 2011"
Alanna Smith,player_photos_resized/Alanna_Smith.png,https://upload.wikimedia.org/wikipedia/commons/e/e0/Alanna_Smith_%2848019226412%29.jpg,CC BY-SA 2.0,https://creativecommons.org/licenses/by-sa/2.0,"<a rel=""nofollow"" class=""external text"" href=""https://www.flickr.com/photos/number7cloud/48019226412/"">Damiris Dantas of Minnesota Lynx guards Alanna Smith of Phoenix Mercury</a>","<a rel=""nofollow"" class=""external text"" href=""https://www.flickr.com/people/11020019@N04"">Lorie Shaull</a> from St Paul, United States","<p>Minnesota Lynx vs Phoenix Mercury at Target Center in Minneapolis, MN on June 6 2019; the Lynx won the game 58-56.
</p>
Please attribute to Lorie Shaull if used elsewhere."
Alex Bentley,player_photos_resized/dummy_player.png,https://upload.wikimedia.org/wikipedia/commons/b/be/Women%27s_basketball_%28429322%29_-_The_Noun_Project.svg,CC0,,"Damián Patrignani, CC0, via Wikimedia Commons",,
Alexis Jones,player_photos_resized/dummy_player.png,https://upload.wikimedia.org/wikipedia/commons/b/be/Women%27s_basketball_%28429322%29_-_The_Noun_Project.svg,CC0,,"Damián Patrignani, CC0, via Wikimedia Commons",,
Allisha Gray,player_photos_resized/Allisha_Gray.png,https://upload.wikimedia.org/wikipedia/commons/8/86/Allisha_Gray_%28cropped%29.jpg,CC BY-SA 4.0,https://creativecommons.org/licenses/by-sa/4.0,"<span class=""int-own-work"" lang=""en"">Own work</span>","<a href=""//commons.wikimedia.org/wiki/User:Lashaull"" title=""User:Lashaull"">Lorie Shaull</a>",Dallas Wings player Allisha Gray in a game against the Minnesota Lynx
Alysha Clark,player_photos_resized/Alysha_Clark.png,https://upload.wikimedia.org/wikipedia/commons/1/16/Alysha_Clark.jpg,CC BY-SA 3.0,https://creativecommons.org/licenses/by-sa/3.0,"<span class=""int-own-work"" lang=""en"">Own work</span>","<a href=""//commons.wikimedia.org/wiki/User:Sphilbrick"" title=""User:Sphilbrick"">Sphilbrick</a>",Alysha Clark professional basketball player for the Seattle Storm. Taken at the 2014 Final Four in Nashville Tennessee
Amanda Zahui B.,player_photos_resized/Amanda_Zahui_B..png,https://upload.wikimedia.org/wikipedia/commons/e/ea/Amanda_Zahui_1_Fenerbah%C3%A7e_women%27s_basketball_20211001_%281%29.jpg,CC BY-SA 4.0,https://creativecommons.org/licenses/by-sa/4.0,"<span class=""int-own-work"" lang=""en"">Own work</span>","<a href=""//commons.wikimedia.org/w/index.php?title=User:Sakhalinio&amp;action=edit&amp;redlink=1"" class=""new"" title=""User:Sakhalinio (page does not exist)"">Sakhalinio</a>",Amanda Zahui 1 Fenerbahçe women's basketball 20211001
Angel McCoughtry,player_photos_resized/Angel_McCoughtry.png,https://upload.wikimedia.org/wikipedia/commons/a/aa/Angel_McCoughtry_in_2018.jpg,CC BY-SA 4.0,https://creativecommons.org/licenses/by-sa/4.0,"<span class=""int-own-work"" lang=""en"">Own work</span>","<a href=""//commons.wikimedia.org/wiki/User:Lashaull"" title=""User:Lashaull"">Lorie Shaull</a>","Angel McCoughtry playing in the Atlanta Dream vs Minnesota Lynx game in Minneapolis on August 5, 2018"
Anriel Howard,player_photos_resized/Anriel_Howard.png,https://upload.wikimedia.org/wikipedia/commons/7/76/Lash_Legend_101224.jpg,CC BY-SA 4.0,https://creativecommons.org/licenses/by-sa/4.0,"<span class=""int-own-work"" lang=""en"">Own work</span>","<a href=""//commons.wikimedia.org/w/index.php?title=User:Sarah_Bellia&amp;action=edit&amp;redlink=1"" class=""new"" title=""User:Sarah Bellia (page does not exist)"">Sarah Bellia</a>",Lash Legend
Arica Carter,player_photos_resized/dummy_player.png,https://upload.wikimedia.org/wikipedia/commons/b/be/Women%27s_basketball_%28429322%29_-_The_Noun_Project.svg,CC0,,"Damián Patrignani, CC0, via Wikimedia Commons",,
Ariel Atkins,player_photos_resized/Ariel_Atkins.png,https://upload.wikimedia.org/wikipedia/commons/8/8b/Ariel_Atkins_3_Fenerbah%C3%A7e_WB_20241002_%28cropped%29.jpg,CC BY 4.0,https://creativecommons.org/licenses/by/4.0,"<span class=""int-own-work"" lang=""en"">Own work</span>","<a href=""//commons.wikimedia.org/wiki/User:Zafer"" title=""User:Zafer"">Zafer</a>",Ariel Atkins 3 Fenerbahçe WB 20241002
Arike Ogunbowale,player_photos_resized/Arike_Ogunbowale.png,https://upload.wikimedia.org/wikipedia/commons/9/9c/Arike_Ogunbowale_01_%28cropped%29.jpg,CC BY-SA 4.0,https://creativecommons.org/licenses/by-sa/4.0,"<span class=""int-own-work"" lang=""en"">Own work</span>","<a href=""//commons.wikimedia.org/wiki/User:Lashaull"" title=""User:Lashaull"">Lorie Shaull</a>",Dallas wings player Arike Ogunbowale in a game against the Minnesota Lynx
Ashley Walker,player_photos_resized/Ashley_Walker.png,https://upload.wikimedia.org/wikipedia/commons/e/e0/Ashley_Walker_videoconference_%28cropped%29.jpg,Public domain,,"<a rel=""nofollow"" class=""external free"" href=""https://www.nasa.gov/sites/default/files/thumbnails/image/nhq202007250001.jpg"">https://www.nasa.gov/sites/default/files/thumbnails/image/nhq202007250001.jpg</a>","<bdi><a href=""https://www.wikidata.org/wiki/Q71582571"" class=""extiw"" title=""d:Q71582571""><span title=""American photographer"">Joel Kowsky</span></a></bdi>","Ashley Walker, Intern in the Undergraduate Research Associates in Astrobiology program at NASA’s Goddard Space Flight Center, is photographed in her home in Chicago, Ill. via video conference"
Asia Durr,player_photos_resized/dummy_player.png,https://upload.wikimedia.org/wikipedia/commons/b/be/Women%27s_basketball_%28429322%29_-_The_Noun_Project.svg,CC0,,"Damián Patrignani, CC0, via Wikimedia Commons",,
Asia Taylor,player_photos_resized/Asia_Taylor.png,https://upload.wikimedia.org/wikipedia/commons/b/bd/Asia_Taylor.jpg,CC BY-SA 4.0,https://creativecommons.org/licenses/by-sa/4.0,"<span class=""int-own-work"" lang=""en"">Own work</span>","<a href=""//commons.wikimedia.org/wiki/User:Lashaull"" title=""User:Lashaull"">Lorie Shaull</a>","Minnesota Lynx vs Phoenix Mercury at Target Center in Minneapolis, MN on July 14 2019; the Lynx won the game 75-62."
Astou Ndour,player_photos_resized/Astou_Ndour.png,https://upload.wikimedia.org/wikipedia/commons/a/a7/Astou_Ndour_%28cropped%29.jpg,CC BY-SA 4.0,https://creativecommons.org/licenses/by-sa/4.0,"<span class=""int-own-work"" lang=""en"">Own work</span>","<a href=""//commons.wikimedia.org/wiki/User:Lashaull"" title=""User:Lashaull"">Lorie Shaull</a>",Chicago Sky player Astou Ndour in a game against the Minnesota Lynx
Avery Warley-Talbert,player_photos_resized/Avery_Warley-Talbert.png,https://upload.wikimedia.org/wikipedia/commons/f/fe/Avery_Warley_at_2_August_2015_game_cropped.jpg,CC BY-SA 3.0,https://creativecommons.org/licenses/by-sa/3.0,Danny Karwoski,at 2 August 2015 game,Avery Warley at 2 August 2015 game
Azura Stevens,player_photos_resized/Azura_Stevens.png,https://upload.wikimedia.org/wikipedia/commons/4/44/Stevens-20180523.jpg,CC BY 4.0,https://creativecommons.org/licenses/by/4.0,"<span class=""int-own-work"" lang=""en"">Own work</span>","<a href=""//commons.wikimedia.org/wiki/User:SusanLesch"" title=""User:SusanLesch"">SusanLesch</a>","<a href=""https://en.wikipedia.org/wiki/Azur%C3%A1_Stevens"" class=""extiw"" title=""w:Azurá Stevens"">Azurá Stevens</a> of the <a href=""https://en.wikipedia.org/wiki/Dallas_Wings"" class=""extiw"" title=""w:Dallas Wings"">Dallas Wings</a> in 2018"
Betnijah Laney,player_photos_resized/Betnijah_Laney.png,https://upload.wikimedia.org/wikipedia/commons/0/06/Betnijah_Laney_cropped.jpg,CC BY-SA 3.0,https://creativecommons.org/licenses/by-sa/3.0,email from Danny Karwoski,Danny Karwoski,Betnijah Laney at 3 September Sky Liberty game
Blake Dietrick,player_photos_resized/dummy_player.png,https://upload.wikimedia.org/wikipedia/commons/b/be/Women%27s_basketball_%28429322%29_-_The_Noun_Project.svg,CC0,,"Damián Patrignani, CC0, via Wikimedia Commons",,
Bria Hartley,player_photos_resized/Bria_Hartley.png,https://upload.wikimedia.org/wikipedia/commons/5/51/Bria_Hartley_32_Fenerbah%C3%A7e_women%27s_basketball_TWBL_20181216.jpg,CC BY-SA 4.0,https://creativecommons.org/licenses/by-sa/4.0,"<span class=""int-own-work"" lang=""en"">Own work</span>","<a href=""//commons.wikimedia.org/w/index.php?title=User:Sakhalinio&amp;action=edit&amp;redlink=1"" class=""new"" title=""User:Sakhalinio (page does not exist)"">Sakhalinio</a>",Bria Hartley 32 Fenerbahçe women's basketball TWBL 20181216
Bria Holmes,player_photos_resized/dummy_player.png,https://upload.wikimedia.org/wikipedia/commons/b/be/Women%27s_basketball_%28429322%29_-_The_Noun_Project.svg,CC0,,"Damián Patrignani, CC0, via Wikimedia Commons",,
Briann January,player_photos_resized/Briann_January.png,https://upload.wikimedia.org/wikipedia/commons/e/ed/Briann-January-20180601.jpg,CC BY 4.0,https://creativecommons.org/licenses/by/4.0,"<span class=""int-own-work"" lang=""en"">Own work</span>","<a href=""//commons.wikimedia.org/wiki/User:SusanLesch"" title=""User:SusanLesch"">SusanLesch</a>","<a href=""https://en.wikipedia.org/wiki/Briann_January"" class=""extiw"" title=""w:Briann January"">Briann January</a> of the <a href=""https://en.wikipedia.org/wiki/Phoenix_Mercury"" class=""extiw"" title=""w:Phoenix Mercury"">Phoenix Mercury</a> in 2018"
Brianna Turner,player_photos_resized/dummy_player.png,https://upload.wikimedia.org/wikipedia/commons/b/be/Women%27s_basketball_%28429322%29_-_The_Noun_Project.svg,CC0,,"Damián Patrignani, CC0, via Wikimedia Commons",,
Bridget Carleton,player_photos_resized/Bridget_Carleton.png,https://upload.wikimedia.org/wikipedia/commons/1/17/Bridget_Carleton_6_%C3%87BK_Mersin_TKBSL_20250104_%283%29.jpg,CC BY 4.0,https://creativecommons.org/licenses/by/4.0,"<span class=""int-own-work"" lang=""en"">Own work</span>","<div class=""fn value"">
<a href=""//commons.wikimedia.org/wiki/User:Zafer"" title=""User:Zafer"">Zafer</a></div>",Bridget Carleton 6 ÇBK Mersin TKBSL 20250104
Brionna Jones,player_photos_resized/Brionna_Jones.png,https://upload.wikimedia.org/wikipedia/commons/e/e1/Brionna_Jones_42_ZVVZ_USK_Praha_EuroLeague_Women_20241212_%284%29.jpg,CC BY 4.0,https://creativecommons.org/licenses/by/4.0,"<span class=""int-own-work"" lang=""en"">Own work</span>","<div class=""fn value"">
<a href=""//commons.wikimedia.org/wiki/User:Zafer"" title=""User:Zafer"">Zafer</a></div>",Brionna Jones 42 ZVVZ USK Praha EuroLeague Women 20241212
Brittany Boyd,player_photos_resized/Brittany_Boyd.png,https://upload.wikimedia.org/wikipedia/commons/9/9a/Brittany_Boyd_at_2_August_2015_game_cropped.jpg,CC BY-SA 3.0,https://creativecommons.org/licenses/by-sa/3.0,Danny Karwoski,at 2 August 2015 game,Brittany Boyd at 2 August 2015 game
Brittney Sykes,player_photos_resized/Brittney_Sykes.png,https://upload.wikimedia.org/wikipedia/commons/9/9d/Brittney_Sykes_2022.jpg,CC BY-SA 2.0,https://creativecommons.org/licenses/by-sa/2.0,"<a rel=""nofollow"" class=""external free"" href=""https://www.flickr.com/photos/johnmac612/52137710399/"">https://www.flickr.com/photos/johnmac612/52137710399/</a>",John Mac,Lynx vs Sparks 5/29/22
Brooke McCarty-Williams,player_photos_resized/Brooke_McCarty-Williams.png,https://upload.wikimedia.org/wikipedia/commons/4/4d/Brooke_McCarty%E2%80%93Williams_%28cropped%29.jpg,CC BY-SA 4.0,https://creativecommons.org/licenses/by-sa/4.0,"<span class=""int-own-work"" lang=""en"">Own work</span>","<a href=""//commons.wikimedia.org/wiki/User:Lashaull"" title=""User:Lashaull"">Lorie Shaull</a>",Dallas Wings player Brooke McCarty–Williams in a game against the Minnesota Lynx
Camille Little,player_photos_resized/Camille_Little.png,https://upload.wikimedia.org/wikipedia/commons/9/94/Camille_Little.jpg,CC BY-SA 4.0,https://creativecommons.org/licenses/by-sa/4.0,"<span class=""int-own-work"" lang=""en"">Own work</span>","<a href=""//commons.wikimedia.org/wiki/User:Bdzsports_photos"" title=""User:Bdzsports photos"">BDZ Sports</a>",Camille Little dribbles in a 2017 WNBA regular season game
Candace Parker,player_photos_resized/Candace_Parker.png,https://upload.wikimedia.org/wikipedia/commons/a/ac/Candace_Parker_%28cropped%29.jpg,CC BY-SA 4.0,https://creativecommons.org/licenses/by-sa/4.0,"<span class=""int-own-work"" lang=""en"">Own work</span>","<a href=""//commons.wikimedia.org/wiki/User:Lashaull"" title=""User:Lashaull"">Lorie Shaull</a>",Los Angeles player Candace Parker during a game against the Minnesota Lynx
Carolyn Swords,player_photos_resized/Carolyn_Swords.png,https://upload.wikimedia.org/wikipedia/commons/8/87/Carolyn_Swords_at_2_August_2015_game_cropped.jpg,CC BY-SA 3.0,https://creativecommons.org/licenses/by-sa/3.0,Danny Karwoski,at 2 August 2015 game,Carolyn Swords at 2 August 2015 game
Cheyenne Parker,player_photos_resized/Cheyenne_Parker.png,https://upload.wikimedia.org/wikipedia/commons/b/b0/Cheyenne_Parker_%28cropped%29.jpg,CC BY-SA 4.0,https://creativecommons.org/licenses/by-sa/4.0,"<span class=""int-own-work"" lang=""en"">Own work</span>","<a href=""//commons.wikimedia.org/wiki/User:Lashaull"" title=""User:Lashaull"">Lorie Shaull</a>",Chicago Sky player Cheyenne Parker shooting a foul shot
Chiney Ogwumike,player_photos_resized/Chiney_Ogwumike.png,https://upload.wikimedia.org/wikipedia/commons/7/79/Chiney_Ogwumike.jpg,CC BY-SA 4.0,https://creativecommons.org/licenses/by-sa/4.0,"<span class=""int-own-work"" lang=""en"">Own work</span>","<a href=""//commons.wikimedia.org/wiki/User:Lashaull"" title=""User:Lashaull"">Lorie Shaull</a>",Tanisha Wright (30) looks for an opening as she's guarded by Chiney Ogwumike (13) in the Lynx vs Sun game at Target Center
Chloe Jackson,player_photos_resized/Chloe_Jackson.png,https://upload.wikimedia.org/wikipedia/commons/1/19/Chloe_Jackson_%28cropped%29.jpg,CC BY-SA 4.0,https://creativecommons.org/licenses/by-sa/4.0,"<span class=""int-own-work"" lang=""en"">Own work</span>","<a href=""//commons.wikimedia.org/wiki/User:Lashaull"" title=""User:Lashaull"">Lorie Shaull</a>",Chicago Sky player Chloe Jackson shooting a foul shot
Courtney Paris,player_photos_resized/Courtney_Paris.png,https://upload.wikimedia.org/wikipedia/commons/3/36/Paris-20180912.jpg,CC BY 4.0,https://creativecommons.org/licenses/by/4.0,"<span class=""int-own-work"" lang=""en"">Own work</span>","<a href=""//commons.wikimedia.org/wiki/User:SusanLesch"" title=""User:SusanLesch"">SusanLesch</a>","<a href=""https://en.wikipedia.org/wiki/Courtney_Paris"" class=""extiw"" title=""w:Courtney Paris"">Courtney Paris</a> of the <a href=""https://en.wikipedia.org/wiki/Seattle_Storm"" class=""extiw"" title=""w:Seattle Storm"">Seattle Storm</a>"
Courtney Williams,player_photos_resized/dummy_player.png,https://upload.wikimedia.org/wikipedia/commons/e/e2/2022_ICF_Canoe_Slalom_World_Championships_-_Courtney_Williams_-_New_Zealand_-_by_2eight_-_ZSC9921.jpg,CC BY-SA 3.0 de,https://creativecommons.org/licenses/by-sa/3.0/de/deed.en,"<span class=""int-own-work"" lang=""en"">Own work</span>","Stefan Brending (<a href=""//commons.wikimedia.org/wiki/User:2eight"" title=""User:2eight"">2eight</a>)","2022 ICF Canoe Slalom World Championships,Augsburg,Courtney Williams,Eiskanal,Frauen,K-1,Kajak,Kanuslalom-Weltmeisterschaften 2022,Kayak,Neuseeland,New Zealand,Women"
Crystal Langhorne,player_photos_resized/Crystal_Langhorne.png,https://upload.wikimedia.org/wikipedia/commons/2/2e/Crystal_Langhorne_WNBA.jpg,CC BY-SA 2.0,https://creativecommons.org/licenses/by-sa/2.0,"<a rel=""nofollow"" class=""external free"" href=""https://www.flickr.com/photos/keithallison/5824639932/"">https://www.flickr.com/photos/keithallison/5824639932/</a>","<a rel=""nofollow"" class=""external text"" href=""https://www.flickr.com/people/keithallison/"">Keith Allison</a>","<a href=""https://en.wikipedia.org/wiki/Crystal_Langhorne"" class=""extiw"" title=""w:Crystal Langhorne"">Crystal Langhorne</a> of the <a href=""https://en.wikipedia.org/wiki/Washington_Mystics"" class=""extiw"" title=""w:Washington Mystics"">Washington Mystics</a> (at time of photo)"
Damiris Dantas,player_photos_resized/Damiris_Dantas.png,https://upload.wikimedia.org/wikipedia/commons/c/cc/Damiris_Dantas_%28cropped%29.jpg,CC BY-SA 2.0,https://creativecommons.org/licenses/by-sa/2.0,"<a rel=""nofollow"" class=""external text"" href=""https://www.flickr.com/photos/number7cloud/48092718178/"">Damiris Dantas</a>","<a rel=""nofollow"" class=""external text"" href=""https://www.flickr.com/people/11020019@N04"">Lorie Shaull</a> from St Paul, United States","<p>Minnesota Lynx vs Las Vegas Aces at Target Center in Minneapolis, MN on June 1 2019; the Aces won the game 80-75.
</p>
Please attribute to Lorie Shaull if used elsewhere."
Danielle Robinson,player_photos_resized/dummy_player.png,https://upload.wikimedia.org/wikipedia/commons/b/be/Women%27s_basketball_%28429322%29_-_The_Noun_Project.svg,CC0,,"Damián Patrignani, CC0, via Wikimedia Commons",,
Dearica Hamby,player_photos_resized/Dearica_Hamby.png,https://upload.wikimedia.org/wikipedia/commons/e/eb/Dearica_Hamby_2024_%28cropped%29.jpg,CC BY-SA 2.0,https://creativecommons.org/licenses/by-sa/2.0,"<a rel=""nofollow"" class=""external free"" href=""https://www.flickr.com/photos/johnmac612/53792555000/"">https://www.flickr.com/photos/johnmac612/53792555000/</a>",John Mac,"MN Lynx vs Las Angeles Sparks,   on June 14th, 2024 at Target Center in Minneapolis, Minnesota (photo credit John McClellan)"
Diana Taurasi,player_photos_resized/Diana_Taurasi.png,https://upload.wikimedia.org/wikipedia/commons/e/e9/Diana_Taurasi_2024_%28cropped%29.jpg,CC BY-SA 2.0,https://creativecommons.org/licenses/by-sa/2.0,"<a rel=""nofollow"" class=""external free"" href=""https://www.flickr.com/photos/johnmac612/53761298573/"">https://www.flickr.com/photos/johnmac612/53761298573/</a>",John Mac,"MN Lynx vs Phoenix Mercury,   on May 31st, 2024 at Target Center in Minneapolis, Minnesota (photo credit John McClellan)"
Elizabeth Williams,player_photos_resized/dummy_player.png,https://upload.wikimedia.org/wikipedia/commons/b/be/Women%27s_basketball_%28429322%29_-_The_Noun_Project.svg,CC0,,"Damián Patrignani, CC0, via Wikimedia Commons",,
Emma Meesseman,player_photos_resized/Emma_Meesseman.png,https://upload.wikimedia.org/wikipedia/commons/a/a8/Emma_Meesseman_11_Fenerbah%C3%A7e_WB_EuroLeague_Women_20251104_%284%29.jpg,CC BY 4.0,https://creativecommons.org/licenses/by/4.0,"<span class=""int-own-work"" lang=""en"">Own work</span>","<div class=""fn value"">
<a href=""//commons.wikimedia.org/wiki/User:Zafer"" title=""User:Zafer"">Zafer</a></div>",Emma Meesseman 11 Fenerbahçe WB EuroLeague Women 20251104
Epiphanny Prince,player_photos_resized/Epiphanny_Prince.png,https://upload.wikimedia.org/wikipedia/commons/a/a1/Epiphanny_Prince_WNBA.jpg,CC BY-SA 2.0,https://creativecommons.org/licenses/by-sa/2.0,"<a rel=""nofollow"" class=""external free"" href=""https://www.flickr.com/photos/keithallison/5822848369/"">https://www.flickr.com/photos/keithallison/5822848369/</a>","<a rel=""nofollow"" class=""external text"" href=""https://www.flickr.com/people/keithallison/"">Keith Allison</a>","<a href=""https://en.wikipedia.org/wiki/Epiphanny_Prince"" class=""extiw"" title=""w:Epiphanny Prince"">Epiphanny Prince</a> of the <a href=""https://en.wikipedia.org/wiki/Chicago_Sky"" class=""extiw"" title=""w:Chicago Sky"">Chicago Sky</a> (at time of photo)"
Erica McCall,player_photos_resized/dummy_player.png,https://upload.wikimedia.org/wikipedia/commons/b/be/Women%27s_basketball_%28429322%29_-_The_Noun_Project.svg,CC0,,"Damián Patrignani, CC0, via Wikimedia Commons",,
Essence Carson,player_photos_resized/Essence_Carson.png,https://upload.wikimedia.org/wikipedia/commons/8/8c/Essence_Carson.jpg,CC BY-SA 3.0,https://creativecommons.org/licenses/by-sa/3.0,"<span class=""int-own-work"" lang=""en"">Own work</span>","<a href=""//commons.wikimedia.org/wiki/User:Sphilbrick"" title=""User:Sphilbrick"">Sphilbrick</a>",Essence Carson at the 2013 Maggie Dixon Class in Madison Square Garden
Gabby Williams,player_photos_resized/Gabby_Williams.png,https://upload.wikimedia.org/wikipedia/commons/5/5b/Gabby_Williams_5_Fenerbah%C3%A7e_WB_EuroLeague_Women_20250108_%281%29.jpg,CC BY 4.0,https://creativecommons.org/licenses/by/4.0,"<span class=""int-own-work"" lang=""en"">Own work</span>","<div class=""fn value"">
<a href=""//commons.wikimedia.org/wiki/User:Zafer"" title=""User:Zafer"">Zafer</a></div>",Gabby Williams 5 Fenerbahçe WB EuroLeague Women 20250108
Glory Johnson,player_photos_resized/Glory_Johnson.png,https://upload.wikimedia.org/wikipedia/commons/b/b0/Glory_Johnson_Dallas_Wings.jpg,CC BY-SA 2.0,https://creativecommons.org/licenses/by-sa/2.0,"<a rel=""nofollow"" class=""external free"" href=""https://www.flickr.com/photos/number7cloud/48611988202/"">https://www.flickr.com/photos/number7cloud/48611988202/</a>",Lorie Shaull,"Minnesota Lynx vs Dallas Wings on August 22, 2019 at Target Center in Minneapolis, Minnesota;"
Haley Peters,player_photos_resized/Haley_Peters.png,https://upload.wikimedia.org/wikipedia/commons/4/4c/Haley_Peters_Lyon_2017.jpg,CC BY-SA 4.0,https://creativecommons.org/licenses/by-sa/4.0,"<span class=""int-own-work"" lang=""en"">Own work</span>","<a href=""//commons.wikimedia.org/wiki/User:Chris93"" title=""User:Chris93"">Chris93</a>",La joueuse américaine de basket-ball de Lyon ASVEL en séance de dédicace à l'Open LFB 2017.
Han Xu,player_photos_resized/dummy_player.png,https://upload.wikimedia.org/wikipedia/commons/b/be/Women%27s_basketball_%28429322%29_-_The_Noun_Project.svg,CC0,,"Damián Patrignani, CC0, via Wikimedia Commons",,
Imani McGee-Stafford,player_photos_resized/dummy_player.png,https://upload.wikimedia.org/wikipedia/commons/b/be/Women%27s_basketball_%28429322%29_-_The_Noun_Project.svg,CC0,,"Damián Patrignani, CC0, via Wikimedia Commons",,
Isabelle Harrison,player_photos_resized/Isabelle_Harrison.png,https://upload.wikimedia.org/wikipedia/commons/f/fc/2_Isabelle_Harrison_%28cropped%29.jpg,CC BY-SA 4.0,https://creativecommons.org/licenses/by-sa/4.0,"<span class=""int-own-work"" lang=""en"">Own work</span>","<a href=""//commons.wikimedia.org/wiki/User:Lashaull"" title=""User:Lashaull"">Lorie Shaull</a>",Dallas Wings player Isabelle Harrison in a game against the Minnesota Lynx
Jackie Young,player_photos_resized/Jackie_Young.png,https://upload.wikimedia.org/wikipedia/commons/2/25/Jackie_Young.jpg,CC BY-SA 2.0,https://creativecommons.org/licenses/by-sa/2.0,"<a rel=""nofollow"" class=""external text"" href=""https://www.flickr.com/photos/number7cloud/48092775027/"">Jackie Young</a>","<a rel=""nofollow"" class=""external text"" href=""https://www.flickr.com/people/11020019@N04"">Lorie Shaull</a> from St Paul, United States","<p>Minnesota Lynx vs Las Vegas Aces at Target Center in Minneapolis, MN on June 1 2019; the Aces won the game 80-75.
</p>
Please attribute to Lorie Shaull if used elsewhere."
Jaime Nared,player_photos_resized/Jaime_Nared.png,https://upload.wikimedia.org/wikipedia/commons/a/a5/Jaime_Nared.jpg,CC BY 2.0,https://creativecommons.org/licenses/by/2.0,"<a rel=""nofollow"" class=""external free"" href=""https://www.flickr.com/photos/100058519@N05/32240775750/"">https://www.flickr.com/photos/100058519@N05/32240775750/</a>",Gamecock Central,Photo by Chris Gillespie
Jamierra Faulkner,player_photos_resized/Jamierra_Faulkner.png,https://upload.wikimedia.org/wikipedia/commons/2/29/Jamierra_Faulkner_%28cropped%29.jpg,CC BY-SA 4.0,https://creativecommons.org/licenses/by-sa/4.0,"<a rel=""nofollow"" class=""external free"" href=""http://basket.ugmk.com/ru/gallery/20219/index.php?from15=3"">http://basket.ugmk.com/ru/gallery/20219/index.php?from15=3</a>",УГМК,"Фолкнер, Джамирра"
Jantel Lavender,player_photos_resized/Jantel_Lavender.png,https://upload.wikimedia.org/wikipedia/commons/e/e0/Jantel_Lavender_Fenerbah%C3%A7e_Women%27s_Basketball_vs_Yak%C4%B1n_Do%C4%9Fu_%C3%9Cniversitesi_%28women%27s_basketball%29_TWBL_20180521.jpg,CC BY-SA 4.0,https://creativecommons.org/licenses/by-sa/4.0,"<span class=""int-own-work"" lang=""en"">Own work</span>","<a href=""//commons.wikimedia.org/w/index.php?title=User:Sakhalinio&amp;action=edit&amp;redlink=1"" class=""new"" title=""User:Sakhalinio (page does not exist)"">Sakhalinio</a>",Jantel Lavender Fenerbahçe Women's Basketball vs Yakın Doğu Üniversitesi (women's basketball) TWBL 20180521
Jasmine Thomas,player_photos_resized/Jasmine_Thomas.png,https://upload.wikimedia.org/wikipedia/commons/e/ec/2_Jasmine_Thomas_%28cropped%29.jpg,CC BY-SA 4.0,https://creativecommons.org/licenses/by-sa/4.0,"<span class=""int-own-work"" lang=""en"">Own work</span>","<a href=""//commons.wikimedia.org/wiki/User:Lashaull"" title=""User:Lashaull"">Lorie Shaull</a>",Connecticut Sun player Jasmine Thomas in a game against the Minnesota Lynx
Jessica Breland,player_photos_resized/dummy_player.png,https://upload.wikimedia.org/wikipedia/commons/b/be/Women%27s_basketball_%28429322%29_-_The_Noun_Project.svg,CC0,,"Damián Patrignani, CC0, via Wikimedia Commons",,
Jessica Shepard,player_photos_resized/Jessica_Shepard.png,https://upload.wikimedia.org/wikipedia/commons/a/ab/Jessica_Shepard_%28cropped%29.jpg,CC BY-SA 4.0,https://creativecommons.org/licenses/by-sa/4.0,"<span class=""int-own-work"" lang=""en"">Own work</span>","<a href=""//commons.wikimedia.org/wiki/User:Lashaull"" title=""User:Lashaull"">Lorie Shaull</a>",Minnesota Lynx player Jessica Shepard on the sidelines in a game against the Connecticut Sun
JiSu Park,player_photos_resized/dummy_player.png,https://upload.wikimedia.org/wikipedia/commons/b/be/Women%27s_basketball_%28429322%29_-_The_Noun_Project.svg,CC0,,"Damián Patrignani, CC0, via Wikimedia Commons",,
Jillian Alleyne,player_photos_resized/Jillian_Alleyne.png,https://upload.wikimedia.org/wikipedia/commons/e/ef/Jillian_Alleyne-20190809.jpg,CC BY 4.0,https://creativecommons.org/licenses/by/4.0,"<span class=""int-own-work"" lang=""en"">Own work</span>","<a href=""//commons.wikimedia.org/wiki/User:SusanLesch"" title=""User:SusanLesch"">SusanLesch</a>","<a href=""https://en.wikipedia.org/wiki/Jillian_Alleyne"" class=""extiw"" title=""w:Jillian Alleyne"">Jillian Alleyne</a> of the <a href=""https://en.wikipedia.org/wiki/Minnesota_Lynx"" class=""extiw"" title=""w:Minnesota Lynx"">Minnesota Lynx</a>"
Jordin Canada,player_photos_resized/Jordin_Canada.png,https://upload.wikimedia.org/wikipedia/commons/9/92/Jordin_Canada-20180912.jpg,CC BY 4.0,https://creativecommons.org/licenses/by/4.0,"<span class=""int-own-work"" lang=""en"">Own work</span>","<a href=""//commons.wikimedia.org/wiki/User:SusanLesch"" title=""User:SusanLesch"">SusanLesch</a>","<a href=""https://en.wikipedia.org/wiki/Jordin_Canada"" class=""extiw"" title=""w:Jordin Canada"">Jordin Canada</a> of the <a href=""https://en.wikipedia.org/wiki/Seattle_Storm"" class=""extiw"" title=""w:Seattle Storm"">Seattle Storm</a>"
Kaela Davis,player_photos_resized/Kaela_Davis.png,https://upload.wikimedia.org/wikipedia/commons/7/73/Davis2-20180523.jpg,CC BY 4.0,https://creativecommons.org/licenses/by/4.0,"<span class=""int-own-work"" lang=""en"">Own work</span>","<a href=""//commons.wikimedia.org/wiki/User:SusanLesch"" title=""User:SusanLesch"">SusanLesch</a>","<a href=""https://en.wikipedia.org/wiki/Kaela_Davis"" class=""extiw"" title=""w:Kaela Davis"">Kaela Davis</a> of the <a href=""https://en.wikipedia.org/wiki/Dallas_Wings"" class=""extiw"" title=""w:Dallas Wings"">Dallas Wings</a> in 2018"
Kahleah Copper,player_photos_resized/Kahleah_Copper.png,https://upload.wikimedia.org/wikipedia/commons/0/01/Copper-20180914.jpg,CC BY 4.0,https://creativecommons.org/licenses/by/4.0,"<span class=""int-own-work"" lang=""en"">Own work</span>","<a href=""//commons.wikimedia.org/wiki/User:SusanLesch"" title=""User:SusanLesch"">SusanLesch</a>","<a href=""https://en.wikipedia.org/wiki/Kahleah_Copper"" class=""extiw"" title=""w:Kahleah Copper"">Kahleah Copper</a> of the <a href=""https://en.wikipedia.org/wiki/Chicago_Sky"" class=""extiw"" title=""w:Chicago Sky"">Chicago Sky</a>"
Kalani Brown,player_photos_resized/Kalani_Brown.png,https://upload.wikimedia.org/wikipedia/commons/7/7a/Kalani_Brown_%28cropped%29.jpg,CC BY-SA 4.0,https://creativecommons.org/licenses/by-sa/4.0,"<span class=""int-own-work"" lang=""en"">Own work</span>","<a href=""//commons.wikimedia.org/wiki/User:Lashaull"" title=""User:Lashaull"">Lorie Shaull</a>",Los Angeles Sparks player Kalani Brown warming up in a game against the Minnesota Lynx
Kaleena Mosqueda-Lewis,player_photos_resized/Kaleena_Mosqueda-Lewis.png,https://upload.wikimedia.org/wikipedia/commons/f/f2/Kaleena_Mosqueda-Lewis.jpg,CC BY-SA 3.0,https://creativecommons.org/licenses/by-sa/3.0,"<span class=""int-own-work"" lang=""en"">Own work</span>","<a href=""//commons.wikimedia.org/wiki/User:Sphilbrick"" title=""User:Sphilbrick"">Sphilbrick</a>",Image of Kaleena Mosqueda-Lewis taken at the Hoop Hall Classic at Springfield College 14 January 2011
Karima Christmas-Kelly,player_photos_resized/Karima_Christmas-Kelly.png,https://upload.wikimedia.org/wikipedia/commons/f/f4/Karima_Christmas_WNBA.jpg,CC BY-SA 2.0,https://creativecommons.org/licenses/by-sa/2.0,"<a rel=""nofollow"" class=""external free"" href=""https://www.flickr.com/photos/keithallison/5823392092/"">https://www.flickr.com/photos/keithallison/5823392092/</a>","<a rel=""nofollow"" class=""external text"" href=""https://www.flickr.com/people/keithallison/"">Keith Allison</a>","<a href=""https://en.wikipedia.org/wiki/Karima_Christmas"" class=""extiw"" title=""w:Karima Christmas"">Karima Christmas</a> of the <a href=""https://en.wikipedia.org/wiki/Washington_Mystics"" class=""extiw"" title=""w:Washington Mystics"">Washington Mystics</a> (at time of photo)"
Karlie Samuelson,player_photos_resized/Karlie_Samuelson.png,https://upload.wikimedia.org/wikipedia/commons/c/ca/Samuelson2-20180520.jpg,CC BY 4.0,https://creativecommons.org/licenses/by/4.0,"<span class=""int-own-work"" lang=""en"">Own work</span>","<a href=""//commons.wikimedia.org/wiki/User:SusanLesch"" title=""User:SusanLesch"">SusanLesch</a>","<a href=""https://en.wikipedia.org/wiki/Karlie_Samuelson"" class=""extiw"" title=""w:Karlie Samuelson"">Karlie Samuelson</a> of the <a href=""https://en.wikipedia.org/wiki/Los_Angeles_Sparks"" class=""extiw"" title=""w:Los Angeles Sparks"">Los Angeles Sparks</a> in 2018"
Katie Lou Samuelson,player_photos_resized/Katie_Lou_Samuelson.png,https://upload.wikimedia.org/wikipedia/commons/3/37/Katie_Lou_Samuelson_cropped.jpg,CC BY-SA 3.0,https://creativecommons.org/licenses/by-sa/3.0,Danny Karwoski Facebook,Danny Karwoski,Katie Lou Samuelson in Conference tournament game against Tulane
Kayla Alexander,player_photos_resized/Kayla_Alexander.png,https://upload.wikimedia.org/wikipedia/commons/a/a5/Kayla_Alexander_40_Valencia_Basket_%28women%29_EuroLeague_Women_20250108_%282%29.jpg,CC BY 4.0,https://creativecommons.org/licenses/by/4.0,"<span class=""int-own-work"" lang=""en"">Own work</span>","<div class=""fn value"">
<a href=""//commons.wikimedia.org/wiki/User:Zafer"" title=""User:Zafer"">Zafer</a></div>",Kayla Alexander 40 Valencia Basket (women) EuroLeague Women 20250108
Kayla Thornton,player_photos_resized/Kayla_Thornton.png,https://upload.wikimedia.org/wikipedia/commons/3/3a/Thornton-20180523.jpg,CC BY 4.0,https://creativecommons.org/licenses/by/4.0,"<span class=""int-own-work"" lang=""en"">Own work</span>","<a href=""//commons.wikimedia.org/wiki/User:SusanLesch"" title=""User:SusanLesch"">SusanLesch</a>","<a href=""https://en.wikipedia.org/wiki/Kayla_Thornton"" class=""extiw"" title=""w:Kayla Thornton"">Kayla Thornton</a> of the <a href=""https://en.wikipedia.org/wiki/Dallas_Wings"" class=""extiw"" title=""w:Dallas Wings"">Dallas Wings</a> in 2018"
Kelsey Mitchell,player_photos_resized/Kelsey_Mitchell.png,https://upload.wikimedia.org/wikipedia/commons/f/fb/Monique_Currie%2C_Kelsey_Mitchell.jpg,CC BY-SA 2.0,https://creativecommons.org/licenses/by-sa/2.0,"<a rel=""nofollow"" class=""external text"" href=""https://www.flickr.com/photos/keithallison/42196332172/"">Monique Currie, Kelsey Mitchell</a>","<a rel=""nofollow"" class=""external text"" href=""https://www.flickr.com/people/27003603@N00"">Keith Allison</a> from Hanover, MD, USA",Fever at Mystics 5/20/18
Kelsey Plum,player_photos_resized/Kelsey_Plum.png,https://upload.wikimedia.org/wikipedia/commons/a/a3/Kelsey_Plum_Fenerbah%C3%A7e_Women%27s_Basketball_vs_BC_Nadezhda_Orenburg_EuroLeague_Women_20171011_%282%29_%28cropped%29.jpg,CC BY-SA 4.0,https://creativecommons.org/licenses/by-sa/4.0,"<span class=""int-own-work"" lang=""en"">Own work</span>","<a href=""//commons.wikimedia.org/w/index.php?title=User:Sakhalinio&amp;action=edit&amp;redlink=1"" class=""new"" title=""User:Sakhalinio (page does not exist)"">Sakhalinio</a>",Kelsey Plum Fenerbahçe Women's Basketball vs BC Nadezhda Orenburg EuroLeague Women 20171011 (2)
Kenisha Bell,player_photos_resized/Kenisha_Bell.png,https://upload.wikimedia.org/wikipedia/commons/e/e2/Kenisha_Bell-20190714-Lorie_Shaull.jpg,CC BY-SA 2.0,https://creativecommons.org/licenses/by-sa/2.0,"<a href=""//commons.wikimedia.org/wiki/File:Kenisha_Bell.jpg"" title=""File:Kenisha Bell.jpg"">File:Kenisha Bell.jpg</a>","<a rel=""nofollow"" class=""external text"" href=""https://www.flickr.com/people/11020019@N04"">Lorie Shaull</a>","<a href=""https://en.wikipedia.org/wiki/Kenisha_Bell"" class=""extiw"" title=""w:Kenisha Bell"">Kenisha Bell</a> of the <a href=""https://en.wikipedia.org/wiki/Minnesota_Lynx"" class=""extiw"" title=""w:Minnesota Lynx"">Minnesota Lynx</a>"
Kennedy Burke,player_photos_resized/Kennedy_Burke.png,https://upload.wikimedia.org/wikipedia/commons/e/e7/Burke_20190901.jpg,CC BY 4.0,https://creativecommons.org/licenses/by/4.0,"<span class=""int-own-work"" lang=""en"">Own work</span>","<a href=""//commons.wikimedia.org/wiki/User:SusanLesch"" title=""User:SusanLesch"">SusanLesch</a>","<a href=""https://en.wikipedia.org/wiki/Kennedy_Burke"" class=""extiw"" title=""w:Kennedy Burke"">Kennedy Burke</a> of the <a href=""https://en.wikipedia.org/wiki/Indiana_Fever"" class=""extiw"" title=""w:Indiana Fever"">Indiana Fever</a>"
Kim Mestdagh,player_photos_resized/Kim_Mestdagh.png,https://upload.wikimedia.org/wikipedia/commons/0/05/Kim_Mestdagh_5_%C3%87ukurova_BK_TWBL_20181229.jpg,CC BY-SA 4.0,https://creativecommons.org/licenses/by-sa/4.0,"<span class=""int-own-work"" lang=""en"">Own work</span>","<a href=""//commons.wikimedia.org/w/index.php?title=User:Sakhalinio&amp;action=edit&amp;redlink=1"" class=""new"" title=""User:Sakhalinio (page does not exist)"">Sakhalinio</a>",Kim Mestdagh 5 Çukurova BK TWBL 20181229
Kristine Anigwe,player_photos_resized/Kristine_Anigwe.png,https://upload.wikimedia.org/wikipedia/commons/4/4d/3_Kristine_Anigwe_%28cropped%29.jpg,CC BY-SA 4.0,https://creativecommons.org/licenses/by-sa/4.0,"<span class=""int-own-work"" lang=""en"">Own work</span>","<a href=""//commons.wikimedia.org/wiki/User:Lashaull"" title=""User:Lashaull"">Lorie Shaull</a>",Dallas Wings player Kristine Anigwe in a game against the Minnesota Lynx
LaToya Sanders,player_photos_resized/LaToya_Sanders.png,https://upload.wikimedia.org/wikipedia/commons/e/ed/LaToya_Sanders_%28cropped%29.jpg,CC BY-SA 4.0,https://creativecommons.org/licenses/by-sa/4.0,"<span class=""int-own-work"" lang=""en"">Own work</span>","<a href=""//commons.wikimedia.org/wiki/User:Lashaull"" title=""User:Lashaull"">Lorie Shaull</a>",Washington Mystics player LaToya Sanders in a game against the Minnesota Lynx
Layshia Clarendon,player_photos_resized/Layshia_Clarendon.png,https://upload.wikimedia.org/wikipedia/commons/7/75/Layshia_Clarendon_%28cropped%29.jpg,CC BY-SA 4.0,https://creativecommons.org/licenses/by-sa/4.0,"<span class=""int-own-work"" lang=""en"">Own work</span>","<a href=""//commons.wikimedia.org/wiki/User:Lashaull"" title=""User:Lashaull"">Lorie Shaull</a>",Connecticut Sun player Layshia Clarendon shoots a foul shot in a game against the Minnesota Lynx
Leilani Mitchell,player_photos_resized/Leilani_Mitchell.png,https://upload.wikimedia.org/wikipedia/commons/f/f0/2_Leilani_Mitchell_%28cropped%29.jpg,CC BY-SA 4.0,https://creativecommons.org/licenses/by-sa/4.0,"<span class=""int-own-work"" lang=""en"">Own work</span>","<a href=""//commons.wikimedia.org/wiki/User:Lashaull"" title=""User:Lashaull"">Lorie Shaull</a>",Phoenix Mercury player Leilani Mitchell during a game against the Minnesota Lynx
Lexie Brown,player_photos_resized/Lexie_Brown.png,https://upload.wikimedia.org/wikipedia/commons/9/97/Lexi_Brown_2_%28cropped%29.jpg,CC BY-SA 4.0,https://creativecommons.org/licenses/by-sa/4.0,"<span class=""int-own-work"" lang=""en"">Own work</span>","<a href=""//commons.wikimedia.org/wiki/User:Lashaull"" title=""User:Lashaull"">Lorie Shaull</a>","Minnesota Lynx vs Phoenix Mercury at Target Center in Minneapolis, MN on July 14 2019; the Lynx won the game 75-62."
Maite Cazorla,player_photos_resized/Maite_Cazorla.png,https://upload.wikimedia.org/wikipedia/commons/2/27/Maite_Cazorla_5_ZVVZ_USK_Praha_EuroLeague_Women_20241212_%285%29.jpg,CC BY 4.0,https://creativecommons.org/licenses/by/4.0,"<span class=""int-own-work"" lang=""en"">Own work</span>","<div class=""fn value"">
<a href=""//commons.wikimedia.org/wiki/User:Zafer"" title=""User:Zafer"">Zafer</a></div>",Maite Cazorla 5 ZVVZ USK Praha EuroLeague Women 20241212
Maria Vadeeva,player_photos_resized/Maria_Vadeeva.png,https://upload.wikimedia.org/wikipedia/commons/2/26/UMMC-USK_%2828.11.18_%292.jpg,CC BY-SA 4.0,https://creativecommons.org/licenses/by-sa/4.0,"<a rel=""nofollow"" class=""external free"" href=""http://basket.ugmk.com/ru/gallery/20229/"">http://basket.ugmk.com/ru/gallery/20229/</a>",УГМК,УГМК Екатеринбург (Россия) - УСК Прага (Чехия) 87:59
Marie Gulich,player_photos_resized/Marie_Gulich.png,https://upload.wikimedia.org/wikipedia/commons/9/9b/2022-06-25_Hannover_gegen_Eaglettes_Gold_%283x3_Basketball_Frauen_at_Berlin_Finals_2022%29_by_Sandro_Halank%E2%80%93028.jpg,CC BY-SA 4.0,https://creativecommons.org/licenses/by-sa/4.0,"<span class=""int-own-work"">Self-photographed</span>","<a href=""//commons.wikimedia.org/wiki/User:Sandro_Halank"" title=""User:Sandro Halank"">Sandro Halank</a>, Wikimedia Commons","German 3x3 Basketball Championships 2022, Women's, Semi Final: Hannover vs. Eaglettes Gold (21:13)"
Marina Mabrey,player_photos_resized/Marina_Mabrey.png,https://upload.wikimedia.org/wikipedia/commons/5/55/Marina_Mabrey_%28cropped%29.jpg,CC BY-SA 4.0,https://creativecommons.org/licenses/by-sa/4.0,"<span class=""int-own-work"" lang=""en"">Own work</span>","<a href=""//commons.wikimedia.org/wiki/User:Lashaull"" title=""User:Lashaull"">Lorie Shaull</a>",Los Angeles player Marina Mabrey in a game against the Minnesota Lynx
Marine Johannes,player_photos_resized/Marine_Johannes.png,https://upload.wikimedia.org/wikipedia/commons/c/c0/France_vs_Finlande_-_EuroBasket_Women_2019_qualification_2018_-_12.jpg,CC BY-SA 4.0,https://creativecommons.org/licenses/by-sa/4.0,"<span class=""int-own-work"" lang=""en"">Own work</span>","<a href=""//commons.wikimedia.org/wiki/User:Kergourlay"" title=""User:Kergourlay"">Jérémy Kergourlay</a>","Rencontre de l'Equipe de France féminine de basket-ball contre la Finlande (90-40), comptant pour les qualifications à l'Euro 2019, le 14 février 2018 à Brest. C'était la première fois que la Brest Arena, d'une capacité de 5 000 spectateurs, accueillait un match international de basket."
Megan Gustafson,player_photos_resized/Megan_Gustafson.png,https://upload.wikimedia.org/wikipedia/commons/8/8c/Gustafson_20190822.jpg,CC BY 4.0,https://creativecommons.org/licenses/by/4.0,"<span class=""int-own-work"" lang=""en"">Own work</span>","<a href=""//commons.wikimedia.org/wiki/User:SusanLesch"" title=""User:SusanLesch"">SusanLesch</a>","<a href=""https://en.wikipedia.org/wiki/Megan_Gustafson"" class=""extiw"" title=""w:Megan Gustafson"">Megan Gustafson</a> of the <a href=""https://en.wikipedia.org/wiki/Dallas_Wings"" class=""extiw"" title=""w:Dallas Wings"">Dallas Wings</a>"
Mercedes Russell,player_photos_resized/Mercedes_Russell.png,https://upload.wikimedia.org/wikipedia/commons/5/5b/Russell20180912.jpg,CC BY 4.0,https://creativecommons.org/licenses/by/4.0,"<span class=""int-own-work"" lang=""en"">Own work</span>","<a href=""//commons.wikimedia.org/wiki/User:SusanLesch"" title=""User:SusanLesch"">SusanLesch</a>","<a href=""https://en.wikipedia.org/wiki/Mercedes_Russell"" class=""extiw"" title=""w:Mercedes Russell"">Mercedes Russell</a> of the <a href=""https://en.wikipedia.org/wiki/Seattle_Storm"" class=""extiw"" title=""w:Seattle Storm"">Seattle Storm</a>"
Monique Billings,player_photos_resized/Monique_Billings.png,https://upload.wikimedia.org/wikipedia/commons/f/fb/Monique_Billings_2024_%28cropped%29.jpg,CC BY-SA 2.0,https://creativecommons.org/licenses/by-sa/2.0,"<a rel=""nofollow"" class=""external free"" href=""https://www.flickr.com/photos/johnmac612/53765952725/"">https://www.flickr.com/photos/johnmac612/53765952725/</a>",John Mac,"MN Lynx vs Dallas Wings,  on June 2nd, 2024 at Target Center in Minneapolis, Minnesota (photo credit John McClellan)"
Morgan Tuck,player_photos_resized/Morgan_Tuck.png,https://upload.wikimedia.org/wikipedia/commons/c/c2/12_wu18_tuck_trophy_081912_300.jpg,CC BY-SA 3.0,https://creativecommons.org/licenses/by-sa/3.0,"Emailed by Caroline Williams Director, Communications USA Basketball",USA Basketball,"Morgan Tuck hoists the championship trophy at the award ceremonies, following the USA U18 gold medal game win over Brazil, in Gurabo, Puerto Rico on  August 19, 2012"
Myisha Hines-Allen,player_photos_resized/Myisha_Hines-Allen.png,https://upload.wikimedia.org/wikipedia/commons/e/ee/Myisha_Hines-Allen-20180919.jpg,CC BY-SA 4.0,https://creativecommons.org/licenses/by-sa/4.0,"<a href=""//commons.wikimedia.org/wiki/File:Cecilia_Zandalasini_(9)_dribbles_the_ball_behind_her_as_she%27s_guarded_by_Myisha_Hines-Allen_(2).jpg"" title=""File:Cecilia Zandalasini (9) dribbles the ball behind her as she's guarded by Myisha Hines-Allen (2).jpg"">File:Cecilia_Zandalasini_(9)_dribbles_the_ball_behind_her_as_she's_guarded_by_Myisha_Hines-Allen_(2).jpg</a>","<a href=""//commons.wikimedia.org/wiki/User:Lashaull"" title=""User:Lashaull"">Lorie Shaull</a>","Cecilia Zandalasini (9) dribbles the ball behind her as she's guarded by Myisha Hines-Allen (2). The game was on Sunday August 19, 2018 at Target Center in Minneapolis, MN, the Minnesota Lynx beat the Washington Mystics 88-83"
Natalie Achonwa,player_photos_resized/Natalie_Achonwa.png,https://upload.wikimedia.org/wikipedia/commons/9/96/Natalie_Achonwa_2019.jpg,Public domain,,"<a rel=""nofollow"" class=""external text"" href=""https://www.flickr.com/photos/indymayorsoffice/48727861983/"">P090819AZS</a>","<a rel=""nofollow"" class=""external text"" href=""https://www.flickr.com/people/155509408@N02"">City of Indianapolis | Mayor's Office</a> from Indianapolis, IN",P090819AZS
Natasha Cloud,player_photos_resized/Natasha_Cloud.png,https://upload.wikimedia.org/wikipedia/commons/b/be/Natasha_Cloud_%28cropped%29.jpg,CC BY-SA 2.0,https://creativecommons.org/licenses/by-sa/2.0,"<a rel=""nofollow"" class=""external text"" href=""https://www.flickr.com/photos/number7cloud/48372362412/"">Natasha Cloud</a>","<a href=""//commons.wikimedia.org/wiki/User:Lashaull"" title=""User:Lashaull"">Lorie Shaull</a>","<p>Minnesota Lynx vs Washington Mystics on July 24 2019 at Target Center in Minneapolis, Minnesota; the Mystics won the game 79-71.
</p>
Please attribute to Lorie Shaull if used elsewhere."
Natisha Hiedeman,player_photos_resized/Natisha_Hiedeman.png,https://upload.wikimedia.org/wikipedia/commons/9/99/Natisha_Hiedeman_%28cropped%29.jpg,CC BY-SA 4.0,https://creativecommons.org/licenses/by-sa/4.0,"<span class=""int-own-work"" lang=""en"">Own work</span>","<a href=""//commons.wikimedia.org/wiki/User:Lashaull"" title=""User:Lashaull"">Lorie Shaull</a>",Connecticut Sun player Natisha Hiedeman in a game against the Minnesota Lynx
Nayo Raincock-Ekunwe,player_photos_resized/Nayo_Raincock-Ekunwe.png,https://upload.wikimedia.org/wikipedia/commons/7/75/20130607_-_France-Canada_-_099_%28cropped%29.jpg,CC BY-SA 3.0,https://creativecommons.org/licenses/by-sa/3.0,"<span class=""int-own-work"" lang=""en"">Own work</span>","<a href=""//commons.wikimedia.org/wiki/User:Pyb"" title=""User:Pyb"">Pierre-Yves Beaudouin</a>","EuroEssonne, France - Canada, 7 June 2013."
Nia Coffey,player_photos_resized/Nia_Coffey.png,https://upload.wikimedia.org/wikipedia/commons/9/99/Nia_Coffey_%28cropped%29.jpg,CC BY-SA 4.0,https://creativecommons.org/licenses/by-sa/4.0,"<span class=""int-own-work"" lang=""en"">Own work</span>","<a href=""//commons.wikimedia.org/wiki/User:Lashaull"" title=""User:Lashaull"">Lorie Shaull</a>","Sylvia Fowles (34) follows the ball after Nia Coffey (12) takes a shot in the Lynx vs Aces game at Target Center, the Lynx lost 77-85"
Paris Kea,player_photos_resized/dummy_player.png,https://upload.wikimedia.org/wikipedia/commons/b/be/Women%27s_basketball_%28429322%29_-_The_Noun_Project.svg,CC0,,"Damián Patrignani, CC0, via Wikimedia Commons",,
Rachel Banham,player_photos_resized/Rachel_Banham.png,https://upload.wikimedia.org/wikipedia/commons/2/21/RachelBanham.jpg,CC BY-SA 4.0,https://creativecommons.org/licenses/by-sa/4.0,"<span class=""int-own-work"" lang=""en"">Own work</span>","<a href=""//commons.wikimedia.org/wiki/User:Bdzsports_photos"" title=""User:Bdzsports photos"">BDZ Sports</a>",Rachel Banham playing for the Connecticut Sun in 2017
Rebecca Allen,player_photos_resized/dummy_player.png,https://upload.wikimedia.org/wikipedia/commons/b/be/Women%27s_basketball_%28429322%29_-_The_Noun_Project.svg,CC0,,"Damián Patrignani, CC0, via Wikimedia Commons",,
Renee Montgomery,player_photos_resized/Renee_Montgomery.png,https://upload.wikimedia.org/wikipedia/commons/f/ff/Renee_Montgomery_UConn.jpg,CC BY-SA 3.0,https://creativecommons.org/licenses/by-sa/3.0,"<span class=""int-own-work"" lang=""en"">Own work</span>","<a href=""//commons.wikimedia.org/wiki/User:Sphilbrick"" title=""User:Sphilbrick"">Sphilbrick</a>","Renee Montgomery, taken at Championship Dinner"
Reshanda Gray,player_photos_resized/Reshanda_Gray.png,https://upload.wikimedia.org/wikipedia/commons/a/ab/Reshanda_Gray_with_Cal.JPG,CC BY-SA 4.0,https://creativecommons.org/licenses/by-sa/4.0,"<span class=""int-own-work"" lang=""en"">Own work</span>","<a href=""//commons.wikimedia.org/wiki/User:Bagumba"" title=""User:Bagumba"">Bagumba</a>","<a href=""https://en.wikipedia.org/wiki/Reshanda_Gray"" class=""extiw"" title=""w:Reshanda Gray"">Reshanda Gray</a> of the <a href=""https://en.wikipedia.org/wiki/California_Golden_Bears_women%27s_basketball"" class=""extiw"" title=""w:California Golden Bears women's basketball"">California Golden Bears</a>"
Riquna Williams,player_photos_resized/Riquna_Williams.png,https://upload.wikimedia.org/wikipedia/commons/4/45/Riquna_Williams_20171004.jpg,CC BY 4.0,https://creativecommons.org/licenses/by/4.0,"<span class=""int-own-work"" lang=""en"">Own work</span>","<a href=""//commons.wikimedia.org/wiki/User:SusanLesch"" title=""User:SusanLesch"">SusanLesch</a>","<a href=""https://en.wikipedia.org/wiki/Riquna_Williams"" class=""extiw"" title=""w:Riquna Williams"">Riquna Williams</a> of the <a href=""https://en.wikipedia.org/wiki/Los_Angeles_Sparks"" class=""extiw"" title=""w:Los Angeles Sparks"">Los Angeles Sparks</a> in the 2017 WNBA Finals"
Sami Whitcomb,player_photos_resized/Sami_Whitcomb.png,https://upload.wikimedia.org/wikipedia/commons/c/cb/Sami_Whitcomb_2.jpg,CC BY-SA 4.0,https://creativecommons.org/licenses/by-sa/4.0,"<span class=""int-own-work"" lang=""en"">Own work</span>","<a href=""//commons.wikimedia.org/wiki/User:DaHuzyBru"" title=""User:DaHuzyBru"">DaHuzyBru</a>",Sami Whitcomb of the Perth Lynx signing autographs
Sancho Lyttle,player_photos_resized/Sancho_Lyttle.png,https://upload.wikimedia.org/wikipedia/commons/1/11/Sancho_Lyttle.JPG,CC BY-SA 3.0,https://creativecommons.org/licenses/by-sa/3.0,"<span class=""int-own-work"" lang=""en"">Own work</span>","<a href=""//commons.wikimedia.org/w/index.php?title=User:Ultraslansi&amp;action=edit&amp;redlink=1"" class=""new"" title=""User:Ultraslansi (page does not exist)"">Ultraslansi</a>",Sancho Lyttle
Seimone Augustus,player_photos_resized/Seimone_Augustus.png,https://upload.wikimedia.org/wikipedia/commons/3/35/Seimone_Augustus_cropped.jpg,CC BY-SA 3.0,https://creativecommons.org/licenses/by-sa/3.0,Danny Karwoski Facebook,Danny Karwoski,Seimone Augustus at 2013 WNBA All-Star game at Mohegan Sun 27 July 2013
Shao Ting,player_photos_resized/Shao_Ting.png,https://upload.wikimedia.org/wikipedia/commons/e/e1/Shao_Ting_%28cropped%29.jpg,CC BY-SA 2.0,https://creativecommons.org/licenses/by-sa/2.0,"<a rel=""nofollow"" class=""external text"" href=""https://www.flickr.com/photos/number7cloud/47937256777/"">Shao Ting</a>","<a href=""//commons.wikimedia.org/wiki/User:Lashaull"" title=""User:Lashaull"">Lorie Shaull</a>","<p>Minnesota Lynx vs Chicago Sky on 5/25/19 at Target Center in Minneapolis, MN; the Lynx won the game 89-71.
</p>
Please attribute to Lorie Shaull if used elsewhere."
Shatori Walker-Kimbrough,player_photos_resized/Shatori_Walker-Kimbrough.png,https://upload.wikimedia.org/wikipedia/commons/c/ca/Shatori_Walker_%28cropped%29.jpg,CC BY-SA 4.0,https://creativecommons.org/licenses/by-sa/4.0,"<span class=""int-own-work"" lang=""en"">Own work</span>","<a href=""//commons.wikimedia.org/w/index.php?title=User:Sakhalinio&amp;action=edit&amp;redlink=1"" class=""new"" title=""User:Sakhalinio (page does not exist)"">Sakhalinio</a>",Fenerbahçe Women's Basketball vs Orman Gençlik TWBL 20171007
Shavonte Zellous,player_photos_resized/Shavonte_Zellous.png,https://upload.wikimedia.org/wikipedia/commons/3/3c/Shavonte_Zellous.JPG,CC BY-SA 3.0,https://creativecommons.org/licenses/by-sa/3.0,"<span class=""int-own-work"" lang=""en"">Own work</span>","<a href=""//commons.wikimedia.org/w/index.php?title=User:Ultraslansi&amp;action=edit&amp;redlink=1"" class=""new"" title=""User:Ultraslansi (page does not exist)"">Ultraslansi</a>",Shavonte Zellous
Shekinna Stricklen,player_photos_resized/Shekinna_Stricklen.png,https://upload.wikimedia.org/wikipedia/commons/2/25/PJ_Sugar_Rodgers_and_Shekinna_Stricklen.jpg,CC BY-SA 3.0,https://creativecommons.org/licenses/by-sa/3.0,"<a rel=""nofollow"" class=""external text"" href=""https://www.facebook.com/ParadiseJam1"">Paradise Jam official Facebook page</a>",Basketball Travelers Inc. Staff,Georgetown's Sugar Rodgers shoots over Tennessee's Shekinna Stricklen at the 2010 Paradise Jam
Shenise Johnson,player_photos_resized/dummy_player.png,https://upload.wikimedia.org/wikipedia/commons/b/be/Women%27s_basketball_%28429322%29_-_The_Noun_Project.svg,CC0,,"Damián Patrignani, CC0, via Wikimedia Commons",,
Shey Peddy,player_photos_resized/dummy_player.png,https://upload.wikimedia.org/wikipedia/commons/b/be/Women%27s_basketball_%28429322%29_-_The_Noun_Project.svg,CC0,,"Damián Patrignani, CC0, via Wikimedia Commons",,
Sophie Cunningham,player_photos_resized/Sophie_Cunningham.png,https://upload.wikimedia.org/wikipedia/commons/a/ae/Sophie_Cunningham.jpg,CC BY-SA 4.0,https://creativecommons.org/licenses/by-sa/4.0,"<span class=""int-own-work"" lang=""en"">Own work</span>","<a href=""//commons.wikimedia.org/wiki/User:Lashaull"" title=""User:Lashaull"">Lorie Shaull</a>","Minnesota Lynx vs Phoenix Mercury at Target Center in Minneapolis, MN on July 14 2019; the Lynx won the game 75-62."
Stefanie Dolson,player_photos_resized/Stefanie_Dolson.png,https://upload.wikimedia.org/wikipedia/commons/f/fd/Stefanie_Dolson_at_the_2015_All-Star_game.jpg,CC BY-SA 3.0,https://creativecommons.org/licenses/by-sa/3.0,Karwoski Facebook,Danny Karwosli,Stefanie Dolson at the 2015 All-Star game
Stephanie Mavunga,player_photos_resized/Stephanie_Mavunga.png,https://upload.wikimedia.org/wikipedia/commons/e/e3/Stephanie_Mavunga_1_Valencia_Basket_%28women%29_EuroLeague_Women_20250108_%282%29.jpg,CC BY 4.0,https://creativecommons.org/licenses/by/4.0,"<span class=""int-own-work"" lang=""en"">Own work</span>","<div class=""fn value"">
<a href=""//commons.wikimedia.org/wiki/User:Zafer"" title=""User:Zafer"">Zafer</a></div>",Stephanie Mavunga 1 Valencia Basket (women) EuroLeague Women 20250108
Stephanie Talbot,player_photos_resized/Stephanie_Talbot.png,https://upload.wikimedia.org/wikipedia/commons/a/a3/Stephanie_Talbot.jpg,CC BY-SA 3.0,https://creativecommons.org/licenses/by-sa/3.0,"<span class=""int-own-work"" lang=""en"">Own work</span>","<a href=""//commons.wikimedia.org/wiki/User:LauraHale"" class=""mw-redirect"" title=""User:LauraHale"">LauraHale</a>",Canberra Capitals versus the Adelaide Lighting at the AIS Arena on 9 November 2012.
Sugar Rodgers,player_photos_resized/Sugar_Rodgers.png,https://upload.wikimedia.org/wikipedia/commons/2/25/PJ_Sugar_Rodgers_and_Shekinna_Stricklen.jpg,CC BY-SA 3.0,https://creativecommons.org/licenses/by-sa/3.0,"<a rel=""nofollow"" class=""external text"" href=""https://www.facebook.com/ParadiseJam1"">Paradise Jam official Facebook page</a>",Basketball Travelers Inc. Staff,Georgetown's Sugar Rodgers shoots over Tennessee's Shekinna Stricklen at the 2010 Paradise Jam
Sydney Colson,player_photos_resized/Sydney_Colson.png,https://upload.wikimedia.org/wikipedia/commons/f/f0/Colson4-20180914.jpg,CC BY 4.0,https://creativecommons.org/licenses/by/4.0,"<span class=""int-own-work"" lang=""en"">Own work</span>","<a href=""//commons.wikimedia.org/wiki/User:SusanLesch"" title=""User:SusanLesch"">SusanLesch</a>","<a href=""https://en.wikipedia.org/wiki/Sydney_Colson"" class=""extiw"" title=""w:Sydney Colson"">w:Sydney Colson</a> of the <a href=""https://en.wikipedia.org/wiki/Minnesota_Lynx"" class=""extiw"" title=""w:Minnesota Lynx"">Minnesota Lynx</a>"
Sydney Wiese,player_photos_resized/Sydney_Wiese.png,https://upload.wikimedia.org/wikipedia/commons/2/20/Wiese-20180520.jpg,CC BY 4.0,https://creativecommons.org/licenses/by/4.0,"<span class=""int-own-work"" lang=""en"">Own work</span>","<a href=""//commons.wikimedia.org/wiki/User:SusanLesch"" title=""User:SusanLesch"">SusanLesch</a>","<a href=""https://en.wikipedia.org/wiki/Sydney_Wiese"" class=""extiw"" title=""w:Sydney Wiese"">Sydney Wiese</a> of the <a href=""https://en.wikipedia.org/wiki/Los_Angeles_Sparks"" class=""extiw"" title=""w:Los Angeles Sparks"">Los Angeles Sparks</a> in 2018"
Tamera Young,player_photos_resized/Tamera_Young.png,https://upload.wikimedia.org/wikipedia/commons/1/17/Tamera_Young_2019_%28cropped%29.jpg,CC BY-SA 2.0,https://creativecommons.org/licenses/by-sa/2.0,"<a rel=""nofollow"" class=""external text"" href=""https://www.flickr.com/photos/number7cloud/48092672566/"">Tamera Young</a>","<a rel=""nofollow"" class=""external text"" href=""https://www.flickr.com/people/11020019@N04"">Lorie Shaull</a> from St Paul, United States","<p>Minnesota Lynx vs Las Vegas Aces at Target Center in Minneapolis, MN on June 1 2019; the Aces won the game 80-75.
</p>
Please attribute to Lorie Shaull if used elsewhere."
Tanisha Wright,player_photos_resized/Tanisha_Wright.png,https://upload.wikimedia.org/wikipedia/commons/8/87/Tanisha_Wright.JPG,CC BY-SA 3.0,https://creativecommons.org/licenses/by-sa/3.0,"<span class=""int-own-work"" lang=""en"">Own work</span>","<a href=""//commons.wikimedia.org/wiki/User:Patroklis"" title=""User:Patroklis"">Patroklis</a>","Picture of basketball player <a href=""https://en.wikipedia.org/wiki/Tanisha_Wright"" class=""extiw"" title=""en:Tanisha Wright"">Tanisha Wright</a> with her French team of <a href=""https://en.wikipedia.org/wiki/Tarbes_Gespe_Bigorre"" class=""extiw"" title=""en:Tarbes Gespe Bigorre"">Tarbes GB</a>"
Tayler Hill,player_photos_resized/dummy_player.png,https://upload.wikimedia.org/wikipedia/commons/b/be/Women%27s_basketball_%28429322%29_-_The_Noun_Project.svg,CC0,,"Damián Patrignani, CC0, via Wikimedia Commons",,
Teaira McCowan,player_photos_resized/Teaira_McCowan.png,https://upload.wikimedia.org/wikipedia/commons/c/cc/Teaira_McCowan_7_T%C3%BCrkiye_20241107_%282%29_%28cropped%29.jpg,CC BY 4.0,https://creativecommons.org/licenses/by/4.0,"<span class=""int-own-work"" lang=""en"">Own work</span>","<div class=""fn value"">
<a href=""//commons.wikimedia.org/wiki/User:Zafer"" title=""User:Zafer"">Zafer</a></div>",Teaira McCowan 7 Türkiye 20241107
Temi Fagbenle,player_photos_resized/Temi_Fagbenle.png,https://upload.wikimedia.org/wikipedia/commons/9/93/Temi_Fagbenle_14_Be%C5%9Fikta%C5%9F_WB_EuroCup_Women_20241017_%281%29.jpg,CC BY 4.0,https://creativecommons.org/licenses/by/4.0,"<span class=""int-own-work"" lang=""en"">Own work</span>","<a href=""//commons.wikimedia.org/wiki/User:Zafer"" title=""User:Zafer"">Zafer</a>",Temi Fagbenle 14 Beşiktaş WB EuroCup Women 20241017
Theresa Plaisance,player_photos_resized/Theresa_Plaisance.png,https://upload.wikimedia.org/wikipedia/commons/7/77/Theresa_Plaisance.jpg,CC BY-SA 4.0,https://creativecommons.org/licenses/by-sa/4.0,"<span class=""int-own-work"" lang=""en"">Own work</span>","<a href=""//commons.wikimedia.org/wiki/User:Bdzsports_photos"" title=""User:Bdzsports photos"">BDZ Sports</a>",Theresa Plaisance drives to the basket in a 2017 WNBA regular season game
Tianna Hawkins,player_photos_resized/Tianna_Hawkins.png,https://upload.wikimedia.org/wikipedia/commons/9/9d/Tianna_Hawkins-20170914.jpg,CC0,http://creativecommons.org/publicdomain/zero/1.0/deed.en,"<span class=""int-own-work"" lang=""en"">Own work</span>","<a href=""//commons.wikimedia.org/wiki/User:SusanLesch"" title=""User:SusanLesch"">SusanLesch</a>","<a href=""https://en.wikipedia.org/wiki/Tianna_Hawkins"" class=""extiw"" title=""w:Tianna Hawkins"">w:Tianna Hawkins</a> of the <a href=""https://en.wikipedia.org/wiki/Washington_Mystics"" class=""extiw"" title=""w:Washington Mystics"">w:Washington Mystics</a>"
Tierra Ruffin-Pratt,player_photos_resized/Tierra_Ruffin-Pratt.png,https://upload.wikimedia.org/wikipedia/commons/5/5e/RuffinPratt-20170914.jpg,CC0,http://creativecommons.org/publicdomain/zero/1.0/deed.en,"<span class=""int-own-work"" lang=""en"">Own work</span>","<a href=""//commons.wikimedia.org/wiki/User:SusanLesch"" title=""User:SusanLesch"">SusanLesch</a>","<a href=""https://en.wikipedia.org/wiki/Tierra_Ruffin-Pratt"" class=""extiw"" title=""w:Tierra Ruffin-Pratt"">w:Tierra Ruffin-Pratt</a> of the <a href=""https://en.wikipedia.org/wiki/Washington_Mystics"" class=""extiw"" title=""w:Washington Mystics"">w:Washington Mystics</a>"
Tiffany Bias,player_photos_resized/dummy_player.png,https://upload.wikimedia.org/wikipedia/commons/b/be/Women%27s_basketball_%28429322%29_-_The_Noun_Project.svg,CC0,,"Damián Patrignani, CC0, via Wikimedia Commons",,
Tiffany Hayes,player_photos_resized/Tiffany_Hayes.png,https://upload.wikimedia.org/wikipedia/commons/f/f1/Tiffany_Hayes_UConn.jpg,CC BY-SA 3.0,https://creativecommons.org/licenses/by-sa/3.0,"<span class=""int-own-work"" lang=""en"">Own work</span>","<a href=""//commons.wikimedia.org/wiki/User:Sphilbrick"" title=""User:Sphilbrick"">Sphilbrick</a>","Tiffany Hayes, taken at the Championship Dinner"
Tiffany Mitchell,player_photos_resized/dummy_player.png,https://upload.wikimedia.org/wikipedia/commons/b/be/Women%27s_basketball_%28429322%29_-_The_Noun_Project.svg,CC0,,"Damián Patrignani, CC0, via Wikimedia Commons",,
Victoria Macaulay,player_photos_resized/Victoria_Macaulay.png,https://upload.wikimedia.org/wikipedia/commons/b/b7/UMMC_vs_Yenisei_Krasnoyarsk_%2806.01.2024%29_-_65.jpg,CC BY-SA 4.0,https://creativecommons.org/licenses/by-sa/4.0,"<span class=""int-own-work"" lang=""en"">Own work</span>",Vyacheslav Bukharov,"Баскетбольный матч Чемпионата России среди женщин (Премьер-лига, регулярный чемпионат): БК УГМК (бело-оранжевая форма) VS БК Енисей (синяя форма), Екатеринбург, Дворец игровых видов спорта, 6 января 2024 года. Виктория Маколэй."
Yvonne Turner,player_photos_resized/dummy_player.png,https://upload.wikimedia.org/wikipedia/commons/b/be/Women%27s_basketball_%28429322%29_-_The_Noun_Project.svg,CC0,,"Damián Patrignani, CC0, via Wikimedia Commons",,
